Id,Success,Retry,RequestTime,EndTime,Duration,Latency
30,true,0,2025-05-14 01:12:13.452,2025-05-14 01:12:13.625,13,173
1,true,0,2025-05-14 01:12:13.452,2025-05-14 01:12:13.626,18,173
35,true,0,2025-05-14 01:12:13.452,2025-05-14 01:12:13.627,16,174
91,true,0,2025-05-14 01:12:13.452,2025-05-14 01:12:13.729,24,276
29,true,0,2025-05-14 01:12:13.452,2025-05-14 01:12:13.750,20,298
42,true,0,2025-05-14 01:12:13.452,2025-05-14 01:12:13.775,23,322
43,true,0,2025-05-14 01:12:13.452,2025-05-14 01:12:13.779,36,326
77,true,0,2025-05-14 01:12:13.452,2025-05-14 01:12:13.779,18,326
26,true,0,2025-05-14 01:12:13.452,2025-05-14 01:12:13.779,13,327
64,true,0,2025-05-14 01:12:13.452,2025-05-14 01:12:13.780,19,327
94,true,0,2025-05-14 01:12:13.452,2025-05-14 01:12:13.780,16,327
75,true,0,2025-05-14 01:12:13.452,2025-05-14 01:12:13.799,13,346
23,true,0,2025-05-14 01:12:13.452,2025-05-14 01:12:13.799,22,346
60,true,0,2025-05-14 01:12:13.452,2025-05-14 01:12:13.799,19,347
63,true,0,2025-05-14 01:12:13.452,2025-05-14 01:12:13.800,17,347
19,true,0,2025-05-14 01:12:13.452,2025-05-14 01:12:13.903,24,450
54,true,0,2025-05-14 01:12:13.452,2025-05-14 01:12:13.903,22,451
53,true,0,2025-05-14 01:12:13.452,2025-05-14 01:12:13.904,18,451
57,true,0,2025-05-14 01:12:13.452,2025-05-14 01:12:13.904,41,451
85,true,0,2025-05-14 01:12:13.452,2025-05-14 01:12:13.904,23,451
10,true,0,2025-05-14 01:12:13.452,2025-05-14 01:12:13.904,20,451
16,true,0,2025-05-14 01:12:13.452,2025-05-14 01:12:13.904,12,451
36,true,0,2025-05-14 01:12:13.452,2025-05-14 01:12:13.904,19,451
18,true,0,2025-05-14 01:12:13.452,2025-05-14 01:12:13.904,17,451
14,true,0,2025-05-14 01:12:13.452,2025-05-14 01:12:13.904,15,451
20,true,0,2025-05-14 01:12:13.452,2025-05-14 01:12:13.926,22,473
72,true,0,2025-05-14 01:12:13.452,2025-05-14 01:12:13.926,47,473
68,true,0,2025-05-14 01:12:13.452,2025-05-14 01:12:13.926,28,473
74,true,0,2025-05-14 01:12:13.452,2025-05-14 01:12:13.931,22,478
90,true,0,2025-05-14 01:12:13.452,2025-05-14 01:12:13.964,35,511
25,true,0,2025-05-14 01:12:13.452,2025-05-14 01:12:13.964,16,511
76,true,0,2025-05-14 01:12:13.452,2025-05-14 01:12:13.964,27,512
89,true,0,2025-05-14 01:12:13.452,2025-05-14 01:12:13.965,25,512
93,true,0,2025-05-14 01:12:13.452,2025-05-14 01:12:13.965,14,512
41,true,0,2025-05-14 01:12:13.452,2025-05-14 01:12:13.965,21,512
59,true,0,2025-05-14 01:12:13.452,2025-05-14 01:12:13.965,26,512
40,true,0,2025-05-14 01:12:13.452,2025-05-14 01:12:13.971,19,519
84,true,0,2025-05-14 01:12:13.452,2025-05-14 01:12:14.106,23,653
17,true,0,2025-05-14 01:12:13.452,2025-05-14 01:12:14.107,28,654
58,true,0,2025-05-14 01:12:13.452,2025-05-14 01:12:14.107,53,654
48,true,0,2025-05-14 01:12:13.452,2025-05-14 01:12:14.107,60,654
62,true,0,2025-05-14 01:12:13.452,2025-05-14 01:12:14.107,12,654
47,true,0,2025-05-14 01:12:13.452,2025-05-14 01:12:14.123,17,670
34,true,0,2025-05-14 01:12:13.452,2025-05-14 01:12:14.123,33,670
88,true,0,2025-05-14 01:12:13.452,2025-05-14 01:12:14.147,20,694
45,true,0,2025-05-14 01:12:13.452,2025-05-14 01:12:14.147,21,694
33,true,0,2025-05-14 01:12:13.452,2025-05-14 01:12:14.161,22,709
31,true,0,2025-05-14 01:12:13.452,2025-05-14 01:12:14.173,28,720
38,true,0,2025-05-14 01:12:13.452,2025-05-14 01:12:14.180,37,727
21,true,0,2025-05-14 01:12:13.452,2025-05-14 01:12:14.190,17,737
70,true,0,2025-05-14 01:12:13.452,2025-05-14 01:12:14.196,15,743
55,true,0,2025-05-14 01:12:13.452,2025-05-14 01:12:14.203,21,750
46,true,0,2025-05-14 01:12:13.452,2025-05-14 01:12:14.203,16,750
39,true,0,2025-05-14 01:12:13.452,2025-05-14 01:12:14.203,26,750
24,true,0,2025-05-14 01:12:13.452,2025-05-14 01:12:14.214,21,761
95,true,0,2025-05-14 01:12:13.452,2025-05-14 01:12:14.272,17,819
32,true,0,2025-05-14 01:12:13.452,2025-05-14 01:12:14.272,19,819
83,true,0,2025-05-14 01:12:13.452,2025-05-14 01:12:14.272,17,819
9,true,0,2025-05-14 01:12:13.452,2025-05-14 01:12:14.279,18,826
87,true,0,2025-05-14 01:12:13.452,2025-05-14 01:12:14.291,31,838
22,true,0,2025-05-14 01:12:13.452,2025-05-14 01:12:14.291,41,838
56,true,0,2025-05-14 01:12:13.452,2025-05-14 01:12:14.301,22,849
61,true,0,2025-05-14 01:12:13.452,2025-05-14 01:12:14.301,26,849
37,true,0,2025-05-14 01:12:13.452,2025-05-14 01:12:14.314,20,861
11,true,0,2025-05-14 01:12:13.452,2025-05-14 01:12:14.328,19,875
44,true,0,2025-05-14 01:12:13.452,2025-05-14 01:12:14.335,17,882
82,true,0,2025-05-14 01:12:13.452,2025-05-14 01:12:14.352,24,899
15,true,0,2025-05-14 01:12:13.452,2025-05-14 01:12:14.354,17,902
97,true,0,2025-05-14 01:12:13.452,2025-05-14 01:12:14.369,17,916
50,true,0,2025-05-14 01:12:13.452,2025-05-14 01:12:14.377,25,924
13,true,0,2025-05-14 01:12:13.452,2025-05-14 01:12:14.388,24,935
12,true,0,2025-05-14 01:12:13.452,2025-05-14 01:12:14.406,36,953
98,true,0,2025-05-14 01:12:13.452,2025-05-14 01:12:14.406,20,953
6,true,0,2025-05-14 01:12:13.452,2025-05-14 01:12:14.421,20,969
81,true,0,2025-05-14 01:12:13.452,2025-05-14 01:12:14.422,19,969
52,true,0,2025-05-14 01:12:13.452,2025-05-14 01:12:14.443,19,990
7,true,0,2025-05-14 01:12:13.452,2025-05-14 01:12:14.460,16,1007
5,true,0,2025-05-14 01:12:13.452,2025-05-14 01:12:14.466,29,1013
71,true,0,2025-05-14 01:12:13.452,2025-05-14 01:12:14.468,21,1015
2,true,0,2025-05-14 01:12:13.452,2025-05-14 01:12:14.489,26,1037
79,true,0,2025-05-14 01:12:13.452,2025-05-14 01:12:14.493,20,1040
51,true,0,2025-05-14 01:12:13.452,2025-05-14 01:12:14.494,19,1041
65,true,0,2025-05-14 01:12:13.452,2025-05-14 01:12:14.494,26,1041
96,true,0,2025-05-14 01:12:13.452,2025-05-14 01:12:14.497,25,1044
49,true,0,2025-05-14 01:12:13.452,2025-05-14 01:12:14.546,17,1093
4,true,0,2025-05-14 01:12:13.452,2025-05-14 01:12:14.546,16,1093
67,true,0,2025-05-14 01:12:13.452,2025-05-14 01:12:14.549,23,1097
69,true,0,2025-05-14 01:12:13.452,2025-05-14 01:12:14.557,11,1104
80,true,0,2025-05-14 01:12:13.452,2025-05-14 01:12:14.558,22,1105
66,true,0,2025-05-14 01:12:13.452,2025-05-14 01:12:14.567,19,1114
28,true,0,2025-05-14 01:12:13.452,2025-05-14 01:12:14.567,21,1114
92,true,0,2025-05-14 01:12:13.452,2025-05-14 01:12:14.572,16,1119
27,true,0,2025-05-14 01:12:13.452,2025-05-14 01:12:14.579,19,1127
73,true,0,2025-05-14 01:12:13.452,2025-05-14 01:12:14.588,23,1135
86,true,0,2025-05-14 01:12:13.452,2025-05-14 01:12:14.597,17,1144
3,true,0,2025-05-14 01:12:13.452,2025-05-14 01:12:14.603,15,1150
78,true,0,2025-05-14 01:12:13.452,2025-05-14 01:12:14.608,21,1155
99,true,0,2025-05-14 01:12:13.452,2025-05-14 01:12:14.615,16,1162
8,true,0,2025-05-14 01:12:13.452,2025-05-14 01:12:14.624,16,1171
100,true,0,2025-05-14 01:12:13.452,2025-05-14 01:12:14.631,9,1178
