Id,Success,Retry,RequestTime,StartTime,EndTime,Duration,Latency
22782,true,0,1743495794811,1743495794812,1743495801492,6680,6681
41291,true,0,1743495794811,1743495794812,1743495801557,6745,6746
54439,true,0,1743495794811,1743495801492,1743495817511,16019,22700
42816,true,0,1743495794811,1743495801557,1743495817634,16077,22823
49615,true,0,1743495794811,1743495817511,1743495824031,6520,29220
15545,true,0,1743495794811,1743495817635,1743495827380,9745,32569
20839,true,0,1743495794811,1743495824032,1743495830290,6258,35479
4086,true,0,1743495794811,1743495830290,1743495837044,6754,42233
56698,true,0,1743495794811,1743495837047,1743495843702,6655,48891
10152,true,0,1743495794811,1743495843702,1743495850379,6677,55568
9566,true,0,1743495794811,1743495827380,1743495853727,26347,58916
25680,true,0,1743495794811,1743495850381,1743495856252,5871,61441
43080,true,0,1743495794811,1743495853727,1743495860008,6281,65197
7579,true,0,1743495794811,1743495860009,1743495865689,5680,70878
669,true,0,1743495794811,1743495856252,1743495879107,22855,84296
56093,true,0,1743495794811,1743495865689,1743495886219,20530,91408
39290,true,0,1743495794811,1743495879109,1743495891663,12554,96852
37220,true,0,1743495794811,1743495891663,1743495901365,9702,106554
52714,true,0,1743495794811,1743495901365,1743495909325,7960,114514
50900,true,0,1743495794811,1743495886219,1743495910243,24024,115432
7930,true,0,1743495794811,1743495909325,1743495915484,6159,120673
30051,true,0,1743495794811,1743495910243,1743495916479,6236,121668
35078,true,0,1743495794811,1743495915484,1743495920770,5286,125959
1606,true,0,1743495794811,1743495916479,1743495922473,5994,127662
12126,true,0,1743495794811,1743495922474,1743495929042,6568,134231
35408,true,0,1743495794811,1743495920770,1743495930010,9240,135199
26437,true,0,1743495794811,1743495929042,1743495935209,6167,140398
13227,true,0,1743495794811,1743495930011,1743495936333,6322,141522
43515,true,0,1743495794811,1743495936333,1743495942965,6632,148154
29415,true,0,1743495794811,1743495935209,1743495943397,8188,148586
16872,true,0,1743495794811,1743495942965,1743495950767,7802,155956
43390,true,0,1743495794811,1743495943397,1743495951912,8515,157101
28639,true,0,1743495794811,1743495950767,1743495956899,6132,162088
30615,true,0,1743495794811,1743495951912,1743495958079,6167,163268
37483,true,0,1743495794811,1743495958079,1743495964523,6444,169712
13561,true,0,1743495794811,1743495964523,1743495970949,6426,176138
10350,true,0,1743495794811,1743495970950,1743495977413,6463,182602
57029,true,0,1743495794811,1743495956899,1743495985931,29032,191120
23034,true,0,1743495794811,1743495977414,1743495990413,12999,195602
25671,true,0,1743495794811,1743495985941,1743495993836,7895,199025
39460,true,0,1743495794811,1743495990413,1743495998887,8474,204076
4601,true,0,1743495794811,1743495998887,1743496006902,8015,212091
4835,true,0,1743495794811,1743496006902,1743496013460,6558,218649
53495,true,0,1743495794811,1743495993836,1743496018564,24728,223753
10168,true,0,1743495794811,1743496013460,1743496019546,6086,224735
29746,true,0,1743495794811,1743496018564,1743496024799,6235,229988
26850,true,0,1743495794811,1743496019546,1743496025808,6262,230997
894,true,0,1743495794811,1743496025808,1743496032394,6586,237583
4683,true,0,1743495794811,1743496024799,1743496035849,11050,241038
15747,true,0,1743495794811,1743496032394,1743496038484,6090,243673
59102,true,0,1743495794811,1743496035849,1743496042027,6178,247216
6773,true,0,1743495794811,1743496038484,1743496048234,9750,253423
398,true,0,1743495794811,1743496042027,1743496048312,6285,253501
15243,true,0,1743495794811,1743496048234,1743496054278,6044,259467
14312,true,0,1743495794811,1743496054279,1743496060652,6373,265841
41016,true,0,1743495794811,1743496060654,1743496066943,6289,272132
20139,true,0,1743495794811,1743496048312,1743496068151,19839,273340
36760,true,0,1743495794811,1743496066943,1743496073207,6264,278396
42075,true,0,1743495794811,1743496073207,1743496079721,6514,284910
20651,true,0,1743495794811,1743496068151,1743496084994,16843,290183
40182,true,0,1743495794811,1743496079721,1743496085504,5783,290693
9114,true,0,1743495794811,1743496085504,1743496088948,3444,294137
34248,true,0,1743495794811,1743496084994,1743496090846,5852,296035
58788,true,0,1743495794811,1743496088948,1743496095243,6295,300432
30722,true,0,1743495794811,1743496095243,1743496102590,7347,307779
20977,true,0,1743495794811,1743496090846,1743496106064,15218,311253
6156,true,0,1743495794811,1743496102590,1743496108865,6275,314054
42083,true,0,1743495794811,1743496106064,1743496112352,6288,317541
53160,true,0,1743495794811,1743496108865,1743496127804,18939,332993
1596,true,0,1743495794811,1743496112352,1743496133276,20924,338465
33491,true,0,1743495794811,1743496127805,1743496134021,6216,339210
58022,true,0,1743495794811,1743496134021,1743496140649,6628,345838
50187,true,0,1743495794811,1743496133276,1743496141490,8214,346679
21414,true,0,1743495794811,1743496140649,1743496146803,6154,351992
22245,true,0,1743495794811,1743496141490,1743496147787,6297,352976
29416,true,0,1743495794811,1743496147787,1743496154359,6572,359548
3942,true,0,1743495794811,1743496146803,1743496159749,12946,364938
39628,true,0,1743495794811,1743496159749,1743496169509,9760,374698
28378,true,0,1743495794811,1743496154359,1743496169616,15257,374805
28821,true,0,1743495794811,1743496169616,1743496175942,6326,381131
18622,true,0,1743495794811,1743496175942,1743496182329,6387,387518
991,true,0,1743495794811,1743496182330,1743496193318,10988,398507
17533,true,0,1743495794811,1743496169510,1743496194114,24604,399303
54593,true,0,1743495794811,1743496193319,1743496201784,8465,406973
6082,true,0,1743495794811,1743496194115,1743496204709,10594,409898
10362,true,0,1743495794811,1743496201784,1743496207902,6118,413091
13513,true,0,1743495794811,1743496207903,1743496217732,9829,422921
43533,true,0,1743495794811,1743496204709,1743496219809,15100,424998
21579,true,0,1743495794811,1743496217732,1743496223851,6119,429040
23007,true,0,1743495794811,1743496219809,1743496231281,11472,436470
30676,true,0,1743495794811,1743496223851,1743496232064,8213,437253
6728,true,0,1743495794811,1743496232064,1743496238764,6700,443953
2174,true,0,1743495794811,1743496238764,1743496248102,9338,453291
48504,true,0,1743495794811,1743496231282,1743496251355,20073,456544
2232,true,0,1743495794811,1743496248102,1743496254271,6169,459460
38872,true,0,1743495794811,1743496251355,1743496257695,6340,462884
55800,true,0,1743495794811,1743496254272,1743496260520,6248,465709
10901,true,0,1743495794811,1743496260520,1743496267094,6574,472283
42452,true,0,1743495794811,1743496257695,1743496272054,14359,477243
31418,true,0,1743495794811,1743496267094,1743496274999,7905,480188
